Metabolite Name,Chinese Name,Class,Sub Class,Super Class,Direct Parent,KEGG ID,HMDB ID,Retention Time(min),Cellular Locations,n,tier,high_confidence,direction,log2FC,log2FC_CI_lo,log2FC_CI_hi,mean_log2_normal,mean_log2_overweight,p_ols_hc3,q_ols_hc3_bh,p_limma,t_limma,q_limma_bh,p_wilcoxon,q_wilcoxon_bh,n_outliers,outlier_removed,beta_after,direction_consistent,attenuation_pct,p_robust_ols,is_robust_to_outlier
"12-Hydroxy-8Z,10E,14Z-eicosatrienoic acid","12-羟基-8Z,10E,14Z-二十碳三烯酸",Fatty Acyls,Eicosanoids,Lipids and lipid-like molecules,Hydroxyeicosatrienoic acids,,HMDB0062747,10.2604945,,165,-,False,↑(超重肥胖>正常),0.3239,0.0196,0.6281,5.3436,5.6484,0.03693,0.637769,0.021229,2.3265,0.668606,0.037859,0.704198,1,True,0.3506,True,-0.0824,0.021849,True
"20-Hydroxy-4Z,7Z,10Z,13Z,16Z,18E-docosahexaenoic acid",20-羟基-4Z，7Z，10Z，13Z，16Z，18E-二十二碳六烯酸,Fatty Acyls,Fatty acids and conjugates,Lipids and lipid-like molecules,Very long-chain fatty acids,,HMDB0060048,10.1243335,Membrane,165,-,False,↑(超重肥胖>正常),0.3193,0.0391,0.5995,4.9279,5.2255,0.025539,0.637769,0.023632,2.2846,0.668606,0.031302,0.704198,1,True,0.2872,True,0.1005,0.037862,True
"8,9-DiHydroxy-5Z,11Z,14Z-eicosatrienoic acid",8，9-双羟基-5Z，11Z，14Z-二十碳三烯酸,Fatty Acyls,Eicosanoids,Lipids and lipid-like molecules,Hydroxyeicosatrienoic acids,C14773,HMDB0002311,9.56026735,"Extracellular,Membrane",165,-,False,↓(超重肥胖<正常),-0.1274,-0.2573,0.0026,2.7587,2.6303,0.054727,0.637769,0.06404,-1.8647,0.668606,0.179936,0.704198,0,False,-0.1274,True,0.0,0.054727,True
Thromboxane B2,血栓烷B2,Fatty Acyls,Eicosanoids,Lipids and lipid-like molecules,Thromboxanes,C05963,HMDB0003252,7.3283283,"Extracellular,Membrane",165,-,False,↑(超重肥胖>正常),0.165,0.0038,0.3261,7.3442,7.5046,0.044819,0.637769,0.071929,1.8114,0.668606,0.057335,0.704198,1,True,0.1571,True,0.0478,0.053628,False
"13-Hydroxy-4Z,7Z,10Z,14E,16Z,19Z-docosahexaenoic acid",13-羟基-4Z，7Z，10Z，14E，16Z，19Z-二十二碳六烯酸,Fatty Acyls,Fatty alcohols,Lipids and lipid-like molecules,Long-chain fatty alcohols,,HMDB0060043,10.0117177,Membrane,165,-,False,↑(超重肥胖>正常),0.1692,-0.0043,0.3427,3.66,3.8299,0.055955,0.637769,0.072683,1.8066,0.668606,0.067066,0.704198,0,False,0.1692,True,0.0,0.055955,True
"5,6-DiHydroxy-8Z,11Z,14Z-eicosatrienoic acid",5，6-双羟基-8Z，11Z，14Z-二十碳三烯酸,Fatty Acyls,Eicosanoids,Lipids and lipid-like molecules,Hydroxyeicosatrienoic acids,C14772,HMDB0002343,9.83148422222222,"Extracellular,Membrane",165,-,False,↑(超重肥胖>正常),0.4793,-0.0883,1.0469,1.0523,1.5147,0.097937,0.640719,0.094875,1.6801,0.668606,0.133112,0.704198,4,True,0.6195,True,-0.2926,0.001446,True
"14-Hydroxy-4Z,7Z,10Z,12E,16Z,19Z-docosahexaenoic acid","14-羟基-4Z,7Z,10Z,12E,16Z,19Z-二十二碳六烯酸",Fatty Acyls,Lineolic acids and derivatives,Lipids and lipid-like molecules,Lineolic acids and derivatives,,HMDB0060044,10.0538205,Membrane,165,-,False,↑(超重肥胖>正常),0.2713,-0.0729,0.6154,6.2345,6.4816,0.122353,0.640719,0.100142,1.6536,0.668606,0.142825,0.704198,2,True,0.2707,True,0.0022,0.116871,False
"11-Hydroxy-5Z,8Z,11E,14Z-eicosatetraenoic acid",11-羟基-5Z，8Z，11E，14Z-二十碳四烯酸,Fatty Acyls,Eicosanoids,Lipids and lipid-like molecules,Hydroxyeicosapentaenoic acids,,,10.016998,,165,-,False,↑(超重肥胖>正常),0.1323,-0.0091,0.2737,5.3369,5.4699,0.066633,0.637769,0.102496,1.6422,0.668606,0.097061,0.704198,0,False,0.1323,True,0.0,0.066633,True
"6,15-Diketo-13,14-dihydro-prostaglandin F1α","6,15-双酮基-13，14-二氢-前列腺素 F1α",Fatty Acyls,Eicosanoids,Lipids and lipid-like molecules,Prostaglandins and related compounds,,,7.34461752631579,,165,-,False,↑(超重肥胖>正常),0.6429,-0.1672,1.453,3.0495,3.6819,0.119859,0.640719,0.114169,1.5883,0.668606,0.043991,0.704198,1,True,0.8859,True,-0.3779,0.007762,True
"16-Hydroxy-5Z,8Z,11Z,14Z-eicosatetraenoic acid",16-羟基-5Z，8Z，11Z，14Z-二十碳四烯酸,Fatty Acyls,Eicosanoids,Lipids and lipid-like molecules,Hydroxyeicosapentaenoic acids,C14778,HMDB0004680,9.80490405,"Extracellular,Membrane",165,-,False,↓(超重肥胖<正常),-0.1696,-0.4426,0.1034,1.6763,1.5607,0.223403,0.640719,0.127018,-1.5338,0.668606,0.931481,0.960142,2,True,-0.0379,True,0.7767,0.720802,False
"12-Hydroxy-5Z,8Z,10E,14Z-eicosatetraenoic acid",12-羟基-5Z，8Z，10E，14Z-二十碳四烯酸,Fatty Acyls,Eicosanoids,Lipids and lipid-like molecules,Hydroxyeicosapentaenoic acids,C14777,HMDB0006111,10.079248,"Extracellular,Membrane",165,-,False,↑(超重肥胖>正常),0.2845,-0.0929,0.6618,9.7882,10.0275,0.139531,0.640719,0.133103,1.5096,0.668606,0.168345,0.704198,1,True,0.2461,True,0.135,0.194596,False
"13,14-Dihydro-15-keto-pgf2α",13，14-二氢-15-酮前列腺素 F2α,Fatty Acyls,Eicosanoids,Lipids and lipid-like molecules,Prostaglandins and related compounds,,HMDB0004685,7.78869495,"Extracellular,Membrane",165,-,False,↑(超重肥胖>正常),0.284,-0.0618,0.6298,2.5339,2.8028,0.107482,0.640719,0.134048,1.5059,0.668606,0.190865,0.704198,3,True,0.181,True,0.3625,0.274348,False
Prostaglandin A2,前列腺素A2,Fatty Acyls,Eicosanoids,Lipids and lipid-like molecules,Prostaglandins and related compounds,C05953,HMDB0002752,8.0775799,"Extracellular,Membrane",165,-,False,↑(超重肥胖>正常),0.2218,-0.033,0.4766,1.3233,1.5577,0.087961,0.640719,0.139368,1.4855,0.668606,0.199698,0.704198,3,True,0.1432,True,0.3543,0.225773,False
"11-Hydroxy-4Z,7Z,9E,13Z,16Z,19Z-docosahexaenoic acid",11-羟基-4Z，6E，10Z，13Z，16Z，20Z-二十二碳六烯酸,Fatty Acyls,Fatty acids and conjugates,Lipids and lipid-like molecules,Very long-chain fatty acids,,HMDB0060040,10.122853,Membrane,165,-,False,↑(超重肥胖>正常),0.2379,-0.1243,0.6001,4.8272,5.034,0.197963,0.640719,0.156657,1.423,0.668606,0.042852,0.704198,2,True,0.2943,True,-0.2369,0.031786,True
"16-Hydroxy-4Z,7Z,10Z,13Z,17E,19Z-docosahexaenoic acid",16-羟基-4Z，7Z，10Z，13Z，17E，19Z-二十二碳六烯酸,Fatty Acyls,Fatty acids and conjugates,Lipids and lipid-like molecules,Very long-chain fatty acids,,HMDB0060047,10.02005785,Membrane,165,-,False,↑(超重肥胖>正常),0.1731,-0.0818,0.428,2.7476,2.9145,0.183169,0.640719,0.166921,1.3884,0.668606,0.179936,0.704198,1,True,0.1949,True,-0.1257,0.128484,False
"9,10-Epoxy-12Z-octadecenoic acid","9,10-环氧基-12Z-十八烯酸",Fatty Acyls,Fatty acids and conjugates,Lipids and lipid-like molecules,Medium-chain fatty acids,C14825,HMDB0004701,10.2635045,"Extracellular,Membrane",165,-,False,↑(超重肥胖>正常),0.262,-0.013,0.537,4.2678,4.5541,0.061828,0.637769,0.169554,1.3798,0.668606,0.361309,0.794994,5,True,0.0299,True,0.8859,0.704517,False
"1α,1β-Dihomo prostaglandin E2","1α,1β-二高 前列腺素 E2",Fatty Acyls,Eicosanoids,Lipids and lipid-like molecules,Prostaglandins and related compounds,,,8.3089018,,165,-,False,↑(超重肥胖>正常),0.2495,-0.134,0.6331,-0.5318,-0.304,0.202264,0.640719,0.20031,1.2859,0.668606,0.135971,0.704198,1,True,0.2182,True,0.1256,0.255948,False
Prostaglandin D1,前列腺素D1,Fatty Acyls,Eicosanoids,Lipids and lipid-like molecules,Prostaglandins and related compounds,C06438,HMDB0005102,7.5757617,"Extracellular,Membrane",165,-,False,↑(超重肥胖>正常),0.1923,-0.0642,0.4488,1.4965,1.6838,0.141807,0.640719,0.211827,1.2535,0.668606,0.396987,0.794994,3,True,0.0749,True,0.6107,0.505786,False
"8-Hydroxy-5Z,9E,11Z,14Z-eicosatetraenoic acid",8-羟基-5Z，9E，11Z，14Z-二十碳四烯酸,Fatty Acyls,Eicosanoids,Lipids and lipid-like molecules,Hydroxyeicosapentaenoic acids,C14776,HMDB0004679,10.102641,"Extracellular,Membrane",165,-,False,↑(超重肥胖>正常),0.1153,-0.0532,0.2838,4.932,5.045,0.179705,0.640719,0.213522,1.2489,0.668606,0.242408,0.773397,1,True,0.1011,True,0.1234,0.233946,False
Linoleoyl ethanolamide,亚油酸乙醇酰胺,Organonitrogen compounds,Amines,Organic nitrogen compounds,N-acylethanolamines,,HMDB0012252,10.8425755,"Extracellular,Membrane",165,-,False,↓(超重肥胖<正常),-0.1275,-0.3416,0.0866,8.6514,8.5458,0.243222,0.640719,0.231033,-1.2022,0.668606,0.219623,0.735738,0,False,-0.1275,True,0.0,0.243222,True
Linoleic acid,亚油酸,Fatty Acyls,Lineolic acids and derivatives,Lipids and lipid-like molecules,Lineolic acids and derivatives,C01595,HMDB0000673,11.4158065,Cytoplasm,165,-,False,↓(超重肥胖<正常),-0.0887,-0.2266,0.0491,14.7323,14.6626,0.207079,0.640719,0.233357,-1.1962,0.668606,0.421912,0.794994,2,True,-0.0682,True,0.2315,0.325388,False
"15-Hydroxy-8Z,11Z,13E-eicosatrienoic acid","15-羟基-8Z,11Z,13E-二十碳三烯酸",Fatty Acyls,Eicosanoids,Lipids and lipid-like molecules,Hydroxyeicosatrienoic acids,,,10.176709,,165,-,False,↑(超重肥胖>正常),0.0973,-0.0657,0.2603,3.0803,3.1903,0.241818,0.640719,0.234247,1.1939,0.668606,0.199698,0.704198,0,False,0.0973,True,0.0,0.241818,True
Linoelaidic acid,反亚油酸,Fatty Acyls,Lineolic acids and derivatives,Lipids and lipid-like molecules,Lineolic acids and derivatives,,HMDB0006270,11.4158065,Cytoplasm,165,-,False,↓(超重肥胖<正常),-0.0879,-0.2293,0.0535,14.6961,14.6275,0.223022,0.640719,0.24389,-1.1696,0.668606,0.439027,0.794994,1,True,-0.0787,True,0.1043,0.273416,False
Prostaglandin E1,前列腺素E1,Fatty Acyls,Eicosanoids,Lipids and lipid-like molecules,Prostaglandins and related compounds,C04741,HMDB0001442,7.5900479375,"Cytoplasm,Extracellular,Membrane",165,-,False,↑(超重肥胖>正常),0.2172,-0.1292,0.5637,1.2986,1.5167,0.21913,0.640719,0.284707,1.0734,0.668606,0.771147,0.938212,4,True,0.0562,True,0.7411,0.721578,False
"10-Hydroxy-4Z,7Z,11E,13Z,16Z,19Z-docosahexaenoic acid",10-羟基-4Z，7Z，11E，13Z，16Z，19Z-二十二碳六烯酸,Fatty Acyls,Fatty acids and conjugates,Lipids and lipid-like molecules,Very long-chain fatty acids,,HMDB0060037,10.0619805,Membrane,165,-,False,↑(超重肥胖>正常),0.1244,-0.121,0.3697,3.053,3.1842,0.320556,0.640719,0.294739,1.0512,0.668606,0.299609,0.794994,0,False,0.1244,True,0.0,0.320556,True
Conjugated linoleic acids,共轭亚油酸,Fatty Acyls,Lineolic acids and derivatives,Lipids and lipid-like molecules,Lineolic acids and derivatives,C04056,HMDB0005048,11.419844,Extracellular,165,-,False,↓(超重肥胖<正常),-0.0796,-0.2226,0.0635,13.3949,13.3347,0.275728,0.640719,0.305204,-1.0286,0.668606,0.523173,0.858837,2,True,-0.0566,True,0.288,0.429944,False
Thromboxane B3,血栓素B3,Fatty Acyls,Eicosanoids,Lipids and lipid-like molecules,Thromboxanes,,HMDB0005099,6.8573892,"Extracellular,Membrane",165,-,False,↑(超重肥胖>正常),0.2775,-0.2354,0.7905,2.809,3.0389,0.288958,0.640719,0.308114,1.0224,0.668606,0.839085,0.938212,5,True,0.4007,True,-0.4438,0.025749,True
Anandamide,花生四烯酸乙醇胺,Organonitrogen compounds,Amines,Organic nitrogen compounds,N-acylethanolamines,C11695,HMDB0004080,10.8410015,"Extracellular,Membrane",165,-,False,↓(超重肥胖<正常),-0.137,-0.4249,0.1509,11.3463,11.2421,0.350982,0.640719,0.313463,-1.0111,0.668606,0.304752,0.794994,2,True,-0.1777,True,-0.2968,0.219701,False
"11β-13,14-Dihydro-15-keto prostaglandinF2α","11β-13,14-二氢-15-酮基-前列腺素F2α",Fatty Acyls,Eicosanoids,Lipids and lipid-like molecules,Prostaglandins and related compounds,,,7.78023745,,165,-,False,↑(超重肥胖>正常),0.1831,-0.2034,0.5697,2.5322,2.7183,0.353155,0.640719,0.343167,0.9507,0.668606,0.282885,0.794994,5,True,0.1361,True,0.2571,0.339789,False
Arachidonic acid,花生四烯酸,Fatty Acyls,Fatty acids and conjugates,Lipids and lipid-like molecules,Long-chain fatty acids,C00219,HMDB0001043,11.362623,Cytoplasm,165,-,False,↓(超重肥胖<正常),-0.0735,-0.2155,0.0684,14.9916,14.9383,0.309845,0.640719,0.343315,-0.9504,0.668606,0.635631,0.87986,2,True,-0.0501,True,0.3188,0.481327,False
"15-Hydroxy-5Z,8Z,11Z,13E-eicosatetraenoic acid",15-羟基-5Z，8Z，11Z，13E-二十碳四烯酸,Fatty Acyls,Eicosanoids,Lipids and lipid-like molecules,Hydroxyeicosapentaenoic acids,C04742,HMDB0003876,9.9372759,"Extracellular,Membrane",165,-,False,↑(超重肥胖>正常),0.1137,-0.0935,0.3208,5.7375,5.8542,0.282117,0.640719,0.3446,0.9479,0.668606,0.614904,0.87986,2,True,0.0509,True,0.5519,0.585183,False
Prostaglandin D2,前列腺素D2,Fatty Acyls,Eicosanoids,Lipids and lipid-like molecules,Prostaglandins and related compounds,C00696,HMDB0001403,7.543435,"Cytoplasm,Extracellular,Membrane,Endoplasmicreticulum",165,-,False,↑(超重肥胖>正常),0.1433,-0.1363,0.4229,4.4994,4.6862,0.315175,0.640719,0.345091,0.9469,0.668606,0.361309,0.794994,0,False,0.1433,True,0.0,0.315175,True
δ-12-Prostaglandin J2,δ-12-前列腺素J2,Fatty Acyls,Eicosanoids,Lipids and lipid-like molecules,Prostaglandins and related compounds,C05958,HMDB0004238,8.0815701,"Extracellular,Membrane",165,-,False,↑(超重肥胖>正常),0.135,-0.1446,0.4146,2.0673,2.2207,0.34404,0.640719,0.348661,0.9399,0.668606,0.384865,0.794994,1,True,0.1081,True,0.1989,0.441627,False
"9,10-DiHydroxy-12Z-octadecenoic acid","9,10-二羟基-12Z- 十八烯酸",Fatty Acyls,Fatty acids and conjugates,Lipids and lipid-like molecules,Long-chain fatty acids,C14828,HMDB0004704,9.1681616,"Extracellular,Membrane",165,-,False,↑(超重肥胖>正常),0.0934,-0.099,0.2858,1.6211,1.7143,0.341563,0.640719,0.351159,0.935,0.668606,0.327713,0.794994,2,True,0.0854,True,0.0855,0.366866,False
Prostaglandin F2α,前列腺素F2α,Fatty Acyls,Eicosanoids,Lipids and lipid-like molecules,Prostaglandins and related compounds,C00639,HMDB0001139,7.66287335,"Cytoplasm,Extracellular,Membrane",165,-,False,↓(超重肥胖<正常),-0.1365,-0.4554,0.1823,4.1579,4.0023,0.401359,0.640719,0.354089,-0.9294,0.668606,0.62523,0.87986,2,True,-0.0452,True,0.6692,0.656076,False
Prostaglandin J2,前列腺素J2,Fatty Acyls,Eicosanoids,Lipids and lipid-like molecules,Prostaglandins and related compounds,C05957,HMDB0002710,8.08226255,"Extracellular,Membrane",165,-,False,↑(超重肥胖>正常),0.1826,-0.1757,0.5409,1.8453,2.0481,0.317912,0.640719,0.366648,0.9053,0.668606,0.411417,0.794994,2,True,0.1065,True,0.4167,0.54562,False
"14,15-DiHydroxy-5Z,8Z,11Z-eicosatrienoic acid",14，15-双羟基-5Z，8Z，11Z-二十碳三烯酸,Fatty Acyls,Eicosanoids,Lipids and lipid-like molecules,Hydroxyeicosatrienoic acids,C14775,HMDB0002265,9.2741866,"Extracellular,Membrane",165,-,False,↓(超重肥胖<正常),-0.0618,-0.2053,0.0818,2.6945,2.6314,0.398922,0.640719,0.382949,-0.8749,0.668606,0.334998,0.794994,1,True,-0.07,True,-0.134,0.337614,False
"7-Hydroxy-4Z,8E,10Z,13Z,16Z,19Z-docosahexaenoic acid",7-羟基-4Z，8E，10Z，13Z，16Z，19Z-二十二碳六烯酸,Fatty Acyls,Fatty acids and conjugates,Lipids and lipid-like molecules,Very long-chain fatty acids,,HMDB0060050,10.1722045,Membrane,165,-,False,↑(超重肥胖>正常),0.1224,-0.1439,0.3886,2.8716,2.9707,0.367658,0.640719,0.388547,0.8646,0.668606,0.195877,0.704198,3,True,0.1573,True,-0.2854,0.141384,False
"12-Hydroxy-5,8,10,14,17-eicosapentaenoic acid","12-羟基-5,8,10,14,17-二十碳五烯酸",Fatty Acyls,Eicosanoids,Lipids and lipid-like molecules,Hydroxyeicosapentaenoic acids,,HMDB0010202,9.68653425,Membrane,165,-,False,↑(超重肥胖>正常),0.1554,-0.2189,0.5297,4.5551,4.676,0.415894,0.648022,0.393545,0.8555,0.668606,0.55214,0.87986,1,True,0.1105,True,0.2889,0.554303,False
"12,13-Epoxy-9Z-octadecenoic acid","12,13-环氧基-9Z-十八烯酸",Fatty Acyls,Fatty acids and conjugates,Lipids and lipid-like molecules,Long-chain fatty acids,C14826,HMDB0004702,10.1960685,"Extracellular,Membrane",165,-,False,↑(超重肥胖>正常),0.3482,-0.3953,1.0918,4.1087,4.6096,0.358638,0.640719,0.404263,0.8362,0.668606,0.5869,0.87986,7,True,0.1093,True,0.6862,0.686956,False
"19,20-DiHydroxy-4Z,7Z,10Z,13Z,16Z-docosapentaenoic acid","19,20-二羟基-4Z,7Z,10Z,13Z,16Z-二十二碳五烯酸",Fatty Acyls,Fatty acids and conjugates,Lipids and lipid-like molecules,Very long-chain fatty acids,,HMDB0010214,9.37198155,Membrane,165,-,False,↑(超重肥胖>正常),0.1317,-0.1204,0.3837,1.4681,1.5953,0.305913,0.640719,0.412112,0.8223,0.668606,0.669925,0.887112,6,True,-0.0797,False,0.3946,0.402937,False
"15-Hydroperoxy-5,8,11,14,17-eicosapentaenoic acid","15-过氧羟基-5,8,11,14,17-二十碳五烯酸",Fatty Acyls,Eicosanoids,Lipids and lipid-like molecules,Hydroperoxyeicosapentaenoic acids,,,9.8071909,,165,-,False,↑(超重肥胖>正常),0.3528,-0.4378,1.1435,5.1813,5.6163,0.381764,0.640719,0.419126,0.81,0.668606,0.99854,0.99854,3,True,0.3756,True,-0.0644,0.261123,False
"8-Hydroxy-9E,11Z,14Z-eicosatrienoic acid","8-羟基-9E,11Z,14Z-二十碳三烯酸",Fatty Acyls,Eicosanoids,Lipids and lipid-like molecules,Hydroxyeicosatrienoic acids,,HMDB0060052,10.273383,Membrane,165,-,False,↑(超重肥胖>正常),0.0711,-0.095,0.2372,3.2201,3.2948,0.401645,0.640719,0.435143,0.7824,0.678014,0.390898,0.794994,0,False,0.0711,True,0.0,0.401645,True
15-Keto prostaglandin F2α,15-酮基-前列腺素F2α,Fatty Acyls,Eicosanoids,Lipids and lipid-like molecules,Prostaglandins and related compounds,C05960,HMDB0004240,7.46162745,"Extracellular,Membrane",165,-,False,↑(超重肥胖>正常),0.0789,-0.1217,0.2794,3.1824,3.2387,0.440851,0.656378,0.451643,0.7545,0.687729,0.757193,0.938212,0,False,0.0789,True,0.0,0.440851,True
"18-Hydroxy-5Z,8Z,11Z,14Z-eicosatetraenoic acid",18-羟基-5Z，8Z，11Z，14Z-二十碳四烯酸,Fatty Acyls,Eicosanoids,Lipids and lipid-like molecules,Hydroxyeicosapentaenoic acids,,HMDB0006245,9.75928835,"Extracellular,Membrane,Endoplasmicreticulum",165,-,False,↓(超重肥胖<正常),-0.1306,-0.4605,0.1994,1.481,1.4006,0.438005,0.656378,0.465126,-0.7322,0.692521,0.432562,0.794994,5,True,-0.1756,True,-0.3453,0.200824,False
α-Linolenic acid,α-亚麻酸,Fatty Acyls,Lineolic acids and derivatives,Lipids and lipid-like molecules,Lineolic acids and derivatives,C06427,HMDB0001388,11.091619,Cytoplasm,165,-,False,↓(超重肥胖<正常),-0.1069,-0.4159,0.2021,6.4055,6.3077,0.497675,0.724874,0.516883,-0.6496,0.752851,0.152023,0.704198,4,True,-0.1416,True,-0.3242,0.182794,False
"9-Oxo-10E,12Z-octadecadienoic acid","9-氧代-10E,12Z-十八碳二烯酸",Fatty Acyls,Lineolic acids and derivatives,Lipids and lipid-like molecules,Lineolic acids and derivatives,C14766,HMDB0004669,9.8217442,"Extracellular,Membrane",165,-,False,↓(超重肥胖<正常),-0.0389,-0.1668,0.0891,4.692,4.6466,0.551614,0.765634,0.5564,-0.5894,0.790275,0.523173,0.858837,0,False,-0.0389,True,0.0,0.551614,True
"12S-Hydroxy-5Z,8E,10E-heptadecatrienoic acid",12S-羟基-5Z，8E，10E--十七碳三烯酸,Fatty Acyls,Fatty acids and conjugates,Lipids and lipid-like molecules,Long-chain fatty acids,C20388,HMDB0012535,9.2146717,"Extracellular,Membrane",165,-,False,↑(超重肥胖>正常),0.2321,-0.6169,1.0812,4.8818,5.0375,0.59204,0.765634,0.571073,0.5676,0.790275,0.584384,0.87986,5,True,0.2083,True,0.1027,0.524096,False
15-Keto prostaglandin E1,15-酮基-前列腺素E1,Fatty Acyls,Eicosanoids,Lipids and lipid-like molecules,Prostaglandins and related compounds,C04654,HMDB0001320,7.46300585,"Cytoplasm,Extracellular,Membrane",165,-,False,↑(超重肥胖>正常),0.0618,-0.1508,0.2743,3.6109,3.6796,0.568799,0.765634,0.595644,0.5317,0.790275,0.76835,0.938212,0,False,0.0618,True,0.0,0.568799,True
"9-Hydroxy-10E,12Z-octadecadienoic acid","9-羟基-10E,12Z-十八碳二烯酸",Fatty Acyls,Lineolic acids and derivatives,Lipids and lipid-like molecules,Lineolic acids and derivatives,C14767,HMDB0004670,9.8576349,"Extracellular,Membrane",165,-,False,↓(超重肥胖<正常),-0.0342,-0.148,0.0795,6.3216,6.2933,0.555528,0.765634,0.604148,-0.5195,0.790275,0.85628,0.938212,1,True,-0.0252,True,0.2626,0.662068,False
11β-Prostaglandin E2,11β-前列腺素E2,Fatty Acyls,Eicosanoids,Lipids and lipid-like molecules,Prostaglandins and related compounds,,HMDB0060041,7.5227249,Membrane,165,-,False,↑(超重肥胖>正常),0.0655,-0.1728,0.3039,3.6553,3.7348,0.589959,0.765634,0.618413,0.4991,0.790275,0.675265,0.887112,1,True,0.0444,True,0.3219,0.71198,False
"13-Hydroperoxy-9Z,11E-octadecadienoic acid","13-过氧羟基-9Z,11E-十八碳二烯酸",Fatty Acyls,Lineolic acids and derivatives,Lipids and lipid-like molecules,Lineolic acids and derivatives,C04717,HMDB0003871,9.7839923,"Extracellular,Membrane",165,-,False,↑(超重肥胖>正常),0.0917,-0.2861,0.4696,6.3213,6.3762,0.634218,0.765634,0.640651,0.4677,0.790275,0.821966,0.938212,4,True,0.0768,True,0.1629,0.654113,False
"13,14-Dihydro-15-keto prostaglandin E2",13，14-二氢-15-酮基-前列腺素 E2,Fatty Acyls,Eicosanoids,Lipids and lipid-like molecules,Prostaglandins and related compounds,C04671,HMDB0002776,7.46366165,"Extracellular,Membrane",165,-,False,↑(超重肥胖>正常),0.0532,-0.1554,0.2618,3.5755,3.6336,0.617277,0.765634,0.645103,0.4614,0.790275,0.882199,0.938212,0,False,0.0532,True,0.0,0.617277,True
Prostaglandin E2,前列腺素E2,Fatty Acyls,Eicosanoids,Lipids and lipid-like molecules,Prostaglandins and related compounds,C00584,HMDB0001220,7.52670575,"Cytoplasm,Extracellular,Membrane,Endoplasmicreticulum",165,-,False,↑(超重肥胖>正常),0.0593,-0.1809,0.2995,3.8217,3.8969,0.628363,0.765634,0.647632,0.4579,0.790275,0.62523,0.87986,1,True,0.0405,True,0.3177,0.739287,False
15-Keto prostaglandin E2,15-酮基-前列腺素E2,Fatty Acyls,Eicosanoids,Lipids and lipid-like molecules,Prostaglandins and related compounds,C04707,HMDB0003175,7.2381908,"Extracellular,Membrane",165,-,False,↑(超重肥胖>正常),0.1024,-0.3267,0.5316,2.7762,2.8668,0.639933,0.765634,0.661617,0.4385,0.790275,0.925666,0.960142,4,True,0.0565,True,0.4481,0.759275,False
Prostaglandin F3α,前列腺素F3α,Fatty Acyls,Eicosanoids,Lipids and lipid-like molecules,Prostaglandins and related compounds,C06476,HMDB0002122,7.10102675,"Extracellular,Membrane",165,-,False,↓(超重肥胖<正常),-0.0272,-0.1409,0.0865,3.8428,3.8103,0.63935,0.765634,0.666605,-0.4316,0.790275,0.813438,0.938212,1,True,-0.0163,True,0.4004,0.774812,False
"11,12-Epoxy-5Z,8Z,14Z-eicosatrienoic acid",11，12-环氧-5Z，8Z，14Z-二十碳三烯酸,Fatty Acyls,Eicosanoids,Lipids and lipid-like molecules,Hepoxilins,C14770,HMDB0004673,10.419741,"Extracellular,Membrane",165,-,False,↑(超重肥胖>正常),0.0416,-0.1736,0.2568,4.868,4.9369,0.704962,0.814353,0.672323,0.4237,0.790275,0.465432,0.820629,0,False,0.0416,True,0.0,0.704962,True
"11,12-DiHydroxy-5Z,8Z,14Z-eicosatrienoic acid",11，12-双羟基-5Z，8Z，14Z-二十碳三烯酸,Fatty Acyls,Eicosanoids,Lipids and lipid-like molecules,Hydroxyeicosatrienoic acids,C14774,HMDB0002314,9.40329835,"Extracellular,Membrane",165,-,False,↑(超重肥胖>正常),0.0271,-0.1108,0.165,1.7924,1.8267,0.70036,0.814353,0.691447,0.3976,0.79874,0.260554,0.793504,0,False,0.0271,True,0.0,0.70036,True
"12,13 -DiHydroxy-9Z-octadecenoic acid","12,13 -二羟基-9Z-十八烯酸",Fatty Acyls,Fatty acids and conjugates,Lipids and lipid-like molecules,Long-chain fatty acids,C14829,HMDB0004705,9.0585925,"Extracellular,Membrane",165,-,False,↓(超重肥胖<正常),-0.0272,-0.1767,0.1223,2.5621,2.5283,0.721297,0.8191,0.736394,-0.3372,0.836244,0.64348,0.87986,1,True,-0.0393,True,-0.4462,0.601948,False
"13-Hydroxy-9Z,11E-octadecadienoic acid","13-羟基-9Z,11E-十八碳二烯酸",Fatty Acyls,Lineolic acids and derivatives,Lipids and lipid-like molecules,Lineolic acids and derivatives,C14762,HMDB0004667,9.8399408,"Extracellular,Membrane",165,-,False,↓(超重肥胖<正常),-0.0184,-0.1349,0.0981,5.5535,5.5403,0.756593,0.844862,0.777805,-0.2827,0.867997,0.882199,0.938212,0,False,-0.0184,True,0.0,0.756593,True
"8,9-Dpoxy-5Z,11Z,14Z-eicosatrienoic acid",8，9-环氧-5Z，11Z，14Z-二十碳三烯酸,Fatty Acyls,Fatty acids and conjugates,Lipids and lipid-like molecules,Long-chain fatty acids,C14769,HMDB0002232,10.480243,"Extracellular,Membrane",165,-,False,↑(超重肥胖>正常),0.0238,-0.1751,0.2227,5.0326,5.076,0.81463,0.875667,0.813199,0.2367,0.867997,0.804932,0.938212,0,False,0.0238,True,0.0,0.81463,True
"19(20)-Epoxy-4Z,7Z,10Z,13Z,16Z-docosapentaenoic acid","19(20)-环氧基-4Z,7Z,10Z,13Z,16Z-二十二碳五烯酸",Fatty Acyls,Lineolic acids and derivatives,Lipids and lipid-like molecules,Lineolic acids and derivatives,,HMDB0013620,10.2423915,"Extracellular,Membrane",165,-,False,↓(超重肥胖<正常),-0.0345,-0.4477,0.3788,2.989,3.0097,0.870202,0.887023,0.828782,-0.2166,0.867997,0.169478,0.704198,2,True,0.0942,False,-1.7355,0.489396,False
"13-Oxo-9Z,11E-octadecadienoicacid","13-氧代-9Z,11E-十八碳二烯酸",Fatty Acyls,Lineolic acids and derivatives,Lipids and lipid-like molecules,Lineolic acids and derivatives,C14765,HMDB0004668,9.72011485,"Extracellular,Membrane",165,-,False,↑(超重肥胖>正常),0.0547,-0.4646,0.574,4.9008,4.9582,0.836458,0.875667,0.832836,0.2114,0.867997,0.751633,0.938212,5,True,-0.0262,False,0.5214,0.893758,False
"13,14-Dihydro-15-keto Prostaglandin F1α","13,14-二氢-15-酮基-前列腺素F1α",Fatty Acyls,Eicosanoids,Lipids and lipid-like molecules,Prostaglandins and related compounds,,,8.13954986666667,,165,-,False,↑(超重肥胖>正常),0.0423,-0.3392,0.4239,0.7481,0.8481,0.827801,0.875667,0.836742,0.2064,0.867997,0.525557,0.858837,3,True,-0.0853,False,-1.0151,0.635103,False
Prostaglandin F1α,前列腺素F1α,Fatty Acyls,Eicosanoids,Lipids and lipid-like molecules,Prostaglandins and related compounds,C06475,HMDB0002685,7.6991891,"Extracellular,Membrane",165,-,False,↑(超重肥胖>正常),0.0279,-0.2083,0.2641,2.2884,2.3363,0.816797,0.875667,0.842087,0.1995,0.867997,0.859153,0.938212,2,True,-0.0244,False,0.1247,0.827524,False
"15-Deoxy-δ-12,14-prostaglandin D2","15-脱氧-delta-12,14-前列腺素D2",Fatty Acyls,Fatty acids and conjugates,Lipids and lipid-like molecules,Long-chain fatty acids,,,8.7682685,,165,-,False,↑(超重肥胖>正常),0.0469,-0.5322,0.626,3.0874,3.1335,0.873784,0.887023,0.866369,0.1685,0.879496,0.320531,0.794994,7,True,0.2495,True,-4.3161,0.117312,False
"15-Hydroxy-11Z,13E-eicosadienoic acid",15--羟基-11Z，13E-二十碳二烯酸,Fatty Acyls,Eicosanoids,Lipids and lipid-like molecules,Other hydroxyeicosapolyenoic acids,,,10.4589045,,165,-,False,↓(超重肥胖<正常),-0.0015,-0.3028,0.2998,3.4389,3.4267,0.992196,0.992196,0.991462,-0.0107,0.991462,0.960605,0.97516,3,True,0.026,False,-16.3176,0.754892,False
